<?xml version="1.0"?>
<pad>
	<page1>
		<ico1 path="Microsoft.WindowsCamera_8wekyb3d8bbwe!App">Camera</ico1>
		<ico2 path="Chrome._crx_cmkncbpllndjkfo.UserData.Profile1">Chrome Remote Desktop</ico2>
		<ico3 path="Microsoft.WindowsAlarms_8wekyb3d8bbwe!App">Clock</ico3>
		<ico4 path="C:\Program Files (x86)\K-Lite Codec Pack\Tools\CodecTweakTool.exe">Codec Tweak Tool</ico4>
		<ico5 path="C:\WINDOWS\system32\cmd.exe">Command Prompt</ico5>
		<ico6 path="Microsoft.AutoGenerated.{4386C36E-24C8-1079-C3DA-17FF7E718F1E}">Configure Picasa Photo Viewer</ico6>
		<ico7 path="Microsoft.Copilot_8wekyb3d8bbwe!App">Copilot</ico7>
		<ico8 path="C:\WINDOWS\system32\dfrgui.exe">Defragment and Optimize Drives</ico8>
		<ico9 path="C:\WINDOWS\system32\cleanmgr.exe">Disk Cleanup</ico9>
		<ico10 path="C27EB4BA.DropboxOEM_xbfy0k16fey96!App">Dropbox promotion</ico10>
		<ico11 path="AD2F1837.HPInc.EnergyStar_v10z8vjag6ke6!AD2F1837.HPInc.EnergyStar">Energy Star</ico11>
		<ico12 path="Microsoft.Office.EXCEL.EXE.15">Excel</ico12>
		<ico13 path="MicrosoftCorporationII.MicrosoftFamily_8wekyb3d8bbwe!App">Family</ico13>
		<ico14 path="Microsoft.WindowsFeedbackHub_8wekyb3d8bbwe!App">Feedback Hub</ico14>
		<ico15 path="Microsoft.XboxGamingOverlay_8wekyb3d8bbwe!App">Game Bar</ico15>
		<ico16 path="C:\Program Files\NVIDIA Corporation\NVIDIA GeForce Experience\NVIDIA GeForce Experience.exe">GeForce Experience</ico16>
		<ico17 path="Microsoft.GetHelp_8wekyb3d8bbwe!App">Get Help</ico17>
		<ico18 path="MicrosoftWindows.Client.CBS_cw5n1h2txyewy!WebExperienceHost">Get Started</ico18>
		<ico19 path="Microsoft.AutoGenerated.{0FDD9C6B-656B-0F1F-AB08-B1CDBB7067B3}">Git Bash</ico19>
		<ico20 path="Microsoft.AutoGenerated.{29591C0F-7C09-B655-C0EB-8544FCA7D1DE}">Git CMD</ico20>
		<ico21 path="GitForWindows.Updater">Git for Windows</ico21>
		<ico22 path="C:\Program Files\Git\cmd\git-gui.exe">Git GUI</ico22>
		<ico23 path="C:\Program Files\Git\ReleaseNotes.html">Git Release Notes</ico23>
		<ico24 name="&#01;Windows">
			<ico1 path="Microsoft.Windows.MediaPlayer32">Windows Media Player Legacy</ico1>
			<ico2 path="MicrosoftWindows.Client.CBS_cw5n1h2txyewy!WindowsBackup">Windows Backup</ico2>
			<ico3 path="C:\WINDOWS\system32\MdSched.exe">Windows Memory Diagnostic</ico3>
			<ico4 path="C:\WINDOWS\system32\WindowsPowerShell\v1.0\powershell.exe">Windows PowerShell</ico4>
			<ico5 path="C:\WINDOWS\SysWOW64\WindowsPowerShell\v1.0\powershell.exe">Windows PowerShell (x86)</ico5>
			<ico6 path="C:\WINDOWS\system32\WindowsPowerShell\v1.0\PowerShell_ISE.exe">Windows PowerShell ISE</ico6>
			<ico7 path="C:\WINDOWS\SysWOW64\WindowsPowerShell\v1.0\PowerShell_ISE.exe">Windows PowerShell ISE (x86)</ico7>
		</ico24>
		<ico25 name="Microsoft">
			<ico1 path="MicrosoftTeams_8wekyb3d8bbwe!MicrosoftTeams">Microsoft Teams (personal)</ico1>
			<ico2 path="MSTeams_8wekyb3d8bbwe!MSTeams">Microsoft Teams</ico2>
			<ico3 path="Microsoft.Todos_8wekyb3d8bbwe!App">Microsoft To Do</ico3>
			<ico4 path="Microsoft.Whiteboard_8wekyb3d8bbwe!Whiteboard">Microsoft Whiteboard</ico4>
			<ico5 path="MSEdge">Microsoft Edge</ico5>
			<ico6 path="Microsoft.WindowsStore_8wekyb3d8bbwe!App">Microsoft Store</ico6>
			<ico7 path="Clipchamp.Clipchamp_yxz26nhyzhsrt!App">Microsoft Clipchamp</ico7>
		</ico25>
	</page1>
	<page2>
		<ico1 path="C:\WINDOWS\system32\msinfo32.exe">System Information</ico1>
		<ico2 path="Microsoft.AutoGenerated.{923DD477-5846-686B-A659-0FCCD73851A8}">Task Manager</ico2>
		<ico3 path="Microsoft.WindowsTerminal_8wekyb3d8bbwe!App">Terminal</ico3>
		<ico4 path="Microsoft.AutoGenerated.{68918B61-6DC2-E5A1-7A56-B630205459A2}">Uninstall Node.js</ico4>
		<ico5 path="Microsoft.AutoGenerated.{FE1F2F1C-8BD1-9BD0-1D16-D0D333CA881B}">Uninstall Zoom Workplace</ico5>
		<ico6 path="Microsoft.VisualStudioCode">Visual Studio Code</ico6>
		<ico7 path="Microsoft.VisualStudio.Installer">Visual Studio Installer</ico7>
		<ico8 path="Microsoft.AutoGenerated.{153C632B-EAE8-4242-71B2-A22CBB429288}">VLC media player - reset preferences and cache files</ico8>
		<ico9 path="C:\WINDOWS\system32\voiceaccess.exe">Voice access</ico9>
		<ico10 path="Microsoft.BingWeather_8wekyb3d8bbwe!App">Weather</ico10>
		<ico11 path="5319275A.WhatsAppDesktop_cv1g1gvanyjgm!App">WhatsApp</ico11>
		<ico12 path="C:\Users\hp\AppData\Roaming\Spotify\Spotify.exe">Spotify</ico12>
		<ico13 path="com.squirrel.Discord.Discord">Discord</ico13>
		<ico14 path="Microsoft.AutoGenerated.{48E528AD-1264-E1FB-02CE-CCE5FB444D3E}">Start ADB Server</ico14>
		<ico15 path="D:\xampp\xampp-control.exe">XAMPP Control Panel</ico15>
	</page2>
</pad>
